Learner,stream,randomSeed,learning evaluation instances,evaluation time (cpu seconds),model cost (RAM-Hours),classified instances,classifications correct (percent),Kappa Statistic (percent),Kappa Temporal Statistic (percent),Kappa M Statistic (percent),model training instances,model serialized size (bytes),tree size (nodes),tree size (leaves),active learning leaves,tree depth,active leaf byte size estimate,inactive leaf byte size estimate,byte size estimate overhead
moa.classifiers.trees.HoeffdingAdaptiveTree,generators.RandomRBFGenerator,1,10000.0,0.2964019,3.6008638495372403E-9,10000.0,73.64,47.255072747380424,46.83340056474386,46.005735354362976,10000.0,46960.0,11.0,6.0,6.0,3.0,0.0,0.0,1.0
moa.classifiers.trees.HoeffdingAdaptiveTree,generators.RandomRBFGenerator,1,20000.0,0.4836031,9.113643375949727E-9,20000.0,77.615,55.228749091249604,54.77777777777778,55.03214142225794,20000.0,113832.0,27.0,14.0,14.0,5.0,0.0,0.0,1.0
moa.classifiers.trees.HoeffdingAdaptiveTree,generators.RandomRBFGenerator,1,30000.0,0.6864044,1.6540986035847E-8,30000.0,79.15333333333334,58.30473997502897,58.21473909267054,57.88552188552188,30000.0,141568.0,32.0,14.0,14.0,6.0,0.0,0.0,1.0
moa.classifiers.trees.HoeffdingAdaptiveTree,generators.RandomRBFGenerator,1,40000.0,0.8424054,2.4374228994465534E-8,40000.0,80.3875,60.7749417507885,60.74752326628641,60.44670767369165,40000.0,194096.0,44.0,20.0,20.0,7.0,0.0,0.0,1.0
moa.classifiers.trees.HoeffdingAdaptiveTree,generators.RandomRBFGenerator,1,50000.0,1.0452067,3.725329824847479E-8,50000.0,81.272,62.54405801176295,62.355778894472365,62.13199611776125,50000.0,245480.0,58.0,27.0,27.0,7.0,0.0,0.0,1.0
moa.classifiers.trees.HoeffdingAdaptiveTree,generators.RandomRBFGenerator,1,60000.0,1.248008,5.2765263100672093E-8,60000.0,82.01833333333333,64.03621160486418,63.88377464600141,63.69784656796771,60000.0,295664.0,68.0,32.0,32.0,8.0,0.0,0.0,1.0
moa.classifiers.trees.HoeffdingAdaptiveTree,generators.RandomRBFGenerator,1,70000.0,1.4196091,6.760755057488051E-8,70000.0,82.72285714285714,65.4459068013764,65.33975295904622,65.1850998906097,70000.0,334336.0,78.0,37.0,37.0,8.0,0.0,0.0,1.0
moa.classifiers.trees.HoeffdingAdaptiveTree,generators.RandomRBFGenerator,1,80000.0,1.6068103,8.664405503972537E-8,80000.0,83.3125,66.62567749874678,66.48423378188392,66.35839024267318,80000.0,393080.0,92.0,44.0,44.0,9.0,0.0,0.0,1.0
moa.classifiers.trees.HoeffdingAdaptiveTree,generators.RandomRBFGenerator,1,90000.0,1.7784114,1.06722269108312E-7,90000.0,83.84333333333333,67.68715996006766,67.5460328088383,67.46543160155727,90000.0,452280.0,106.0,51.0,51.0,10.0,0.0,0.0,1.0
moa.classifiers.trees.HoeffdingAdaptiveTree,generators.RandomRBFGenerator,1,100000.0,1.9656126,1.3134284071168967E-7,100000.0,84.27799999999999,68.55522445863394,68.4030708629768,68.33625359998389,100000.0,508384.0,118.0,57.0,57.0,11.0,0.0,0.0,1.0
moa.classifiers.trees.HoeffdingAdaptiveTree,generators.RandomRBFGenerator,1,110000.0,2.1528138,1.573802536059585E-7,110000.0,84.68636363636364,69.37254342698961,69.24860345394137,69.19912232583654,110000.0,537640.0,124.0,60.0,60.0,11.0,0.0,0.0,1.0
moa.classifiers.trees.HoeffdingAdaptiveTree,generators.RandomRBFGenerator,1,120000.0,2.340015,1.854536252050764E-7,120000.0,85.0475,70.09406239901298,69.99699016788175,69.90540404548656,120000.0,579680.0,134.0,65.0,65.0,12.0,0.0,0.0,1.0
moa.classifiers.trees.HoeffdingAdaptiveTree,generators.RandomRBFGenerator,1,130000.0,2.5584164,2.2233359978554978E-7,130000.0,85.34076923076923,70.68022075779359,70.61961364722569,70.48812215442749,130000.0,652736.0,158.0,77.0,77.0,12.0,0.0,0.0,1.0
moa.classifiers.trees.HoeffdingAdaptiveTree,generators.RandomRBFGenerator,1,140000.0,2.7612177,2.610774161051959E-7,140000.0,85.59285714285714,71.18510505650693,71.14573051228132,71.03260089042081,140000.0,738472.0,176.0,86.0,86.0,13.0,0.0,0.0,1.0
moa.classifiers.trees.HoeffdingAdaptiveTree,generators.RandomRBFGenerator,1,150000.0,2.9796191,3.0622907828767267E-7,150000.0,85.88066666666667,71.7608281207426,71.75267081905119,71.6224726327496,150000.0,799136.0,188.0,92.0,92.0,14.0,0.0,0.0,1.0
moa.classifiers.trees.HoeffdingAdaptiveTree,generators.RandomRBFGenerator,1,160000.0,3.1980205,3.542685990542587E-7,160000.0,86.114375,72.22826382972232,72.22840285503568,72.09936078564341,160000.0,850248.0,200.0,98.0,98.0,14.0,0.0,0.0,1.0
moa.classifiers.trees.HoeffdingAdaptiveTree,generators.RandomRBFGenerator,1,170000.0,3.4008218,4.0065885121126966E-7,170000.0,86.34764705882353,72.69464053505119,72.68951071991717,72.56262634621523,170000.0,884216.0,206.0,101.0,101.0,15.0,0.0,0.0,1.0
moa.classifiers.trees.HoeffdingAdaptiveTree,generators.RandomRBFGenerator,1,180000.0,3.6192232,4.53894619009147E-7,180000.0,86.49777777777777,72.99486949521602,73.01414581066375,72.86803532156692,180000.0,942216.0,222.0,109.0,109.0,15.0,0.0,0.0,1.0
moa.classifiers.trees.HoeffdingAdaptiveTree,generators.RandomRBFGenerator,1,190000.0,3.8532247,5.141801117534438E-7,190000.0,86.68052631578948,73.36017582272211,73.39382024243827,73.22803825321597,190000.0,995856.0,234.0,115.0,115.0,16.0,0.0,0.0,1.0
moa.classifiers.trees.HoeffdingAdaptiveTree,generators.RandomRBFGenerator,1,200000.0,4.1028263,5.828202672642137E-7,200000.0,86.8585,73.71632197572822,73.73171024226434,73.59872227579557,200000.0,1063000.0,250.0,123.0,123.0,16.0,0.0,0.0,1.0
moa.classifiers.trees.HoeffdingAdaptiveTree,generators.RandomRBFGenerator,1,210000.0,4.3524279,6.553285505978597E-7,210000.0,87.03333333333333,74.06570464427182,74.09331354416409,73.93809460002679,210000.0,1122904.0,264.0,130.0,130.0,17.0,0.0,0.0,1.0
moa.classifiers.trees.HoeffdingAdaptiveTree,generators.RandomRBFGenerator,1,220000.0,4.6020295,7.291417071794469E-7,220000.0,87.16363636363637,74.32581582553433,74.3482605141248,74.17608544570028,220000.0,1143112.0,272.0,134.0,134.0,17.0,0.0,0.0,1.0
moa.classifiers.trees.HoeffdingAdaptiveTree,generators.RandomRBFGenerator,1,230000.0,4.836031,8.014971806090324E-7,230000.0,87.30565217391305,74.60987475610426,74.62476425548186,74.46430757928248,230000.0,1195240.0,278.0,137.0,137.0,17.0,0.0,0.0,1.0
moa.classifiers.trees.HoeffdingAdaptiveTree,generators.RandomRBFGenerator,1,240000.0,5.1012327,8.872010334057525E-7,240000.0,87.45083333333334,74.90035182682621,74.91170198587231,74.76349681171078,240000.0,1249184.0,294.0,145.0,145.0,18.0,0.0,0.0,1.0
moa.classifiers.trees.HoeffdingAdaptiveTree,generators.RandomRBFGenerator,1,250000.0,5.3664344,9.760449311716687E-7,250000.0,87.5792,75.15694010096368,75.17369300510886,75.0142823807723,250000.0,1294952.0,306.0,151.0,151.0,18.0,0.0,0.0,1.0
moa.classifiers.trees.HoeffdingAdaptiveTree,generators.RandomRBFGenerator,1,260000.0,5.6472362,1.0757712639032137E-6,260000.0,87.68769230769232,75.3738789583153,75.39128563082318,75.23115371818977,260000.0,1372816.0,322.0,159.0,159.0,18.0,0.0,0.0,1.0
moa.classifiers.trees.HoeffdingAdaptiveTree,generators.RandomRBFGenerator,1,270000.0,5.928038,1.1778407894505392E-6,270000.0,87.80222222222223,75.60272930761342,75.62953699524193,75.45023555370028,270000.0,1405072.0,326.0,161.0,161.0,18.0,0.0,0.0,1.0
moa.classifiers.trees.HoeffdingAdaptiveTree,generators.RandomRBFGenerator,1,280000.0,6.2088398,1.2820384826792607E-6,280000.0,87.91321428571428,75.82494483235132,75.85281799176614,75.6824338403834,280000.0,1434368.0,334.0,165.0,165.0,18.0,0.0,0.0,1.0
moa.classifiers.trees.HoeffdingAdaptiveTree,generators.RandomRBFGenerator,1,290000.0,6.4740415,1.383828410979774E-6,290000.0,88.02310344827586,76.04470410820548,76.09220878447678,75.90011171168672,290000.0,1483648.0,346.0,171.0,171.0,19.0,0.0,0.0,1.0
moa.classifiers.trees.HoeffdingAdaptiveTree,generators.RandomRBFGenerator,1,300000.0,6.7548433,1.4949597930688822E-6,300000.0,88.13266666666667,76.26366629896907,76.29835762171375,76.11068986573085,300000.0,1529816.0,356.0,176.0,176.0,19.0,0.0,0.0,1.0
moa.classifiers.trees.HoeffdingAdaptiveTree,generators.RandomRBFGenerator,1,310000.0,7.0356451,1.6087801516358222E-6,310000.0,88.22677419354838,76.45174718344418,76.49085966788194,76.29218227288966,310000.0,1566832.0,366.0,181.0,181.0,19.0,0.0,0.0,1.0
moa.classifiers.trees.HoeffdingAdaptiveTree,generators.RandomRBFGenerator,1,320000.0,7.3164469,1.7265354701620008E-6,320000.0,88.3053125,76.60900385594607,76.64317856986823,76.46011687225196,320000.0,1621000.0,378.0,187.0,187.0,19.0,0.0,0.0,1.0
moa.classifiers.trees.HoeffdingAdaptiveTree,generators.RandomRBFGenerator,1,330000.0,7.6284489,1.8647701570052238E-6,330000.0,88.41757575757576,76.83361150469315,76.86781696150285,76.68835881703576,330000.0,1712624.0,404.0,200.0,200.0,20.0,0.0,0.0,1.0
moa.classifiers.trees.HoeffdingAdaptiveTree,generators.RandomRBFGenerator,1,340000.0,7.9404509,2.0061081795717276E-6,340000.0,88.50294117647059,77.00451692810215,77.0411309695115,76.86941188305117,340000.0,1751072.0,412.0,204.0,204.0,20.0,0.0,0.0,1.0
moa.classifiers.trees.HoeffdingAdaptiveTree,generators.RandomRBFGenerator,1,350000.0,8.2524529,2.150536623439027E-6,350000.0,88.59257142857143,77.18385941068009,77.23314838996632,77.05375923861195,350000.0,1789360.0,420.0,208.0,208.0,20.0,0.0,0.0,1.0
moa.classifiers.trees.HoeffdingAdaptiveTree,generators.RandomRBFGenerator,1,360000.0,8.5644549,2.2995458129619553E-6,360000.0,88.67194444444443,77.3425434010037,77.3892360321799,77.20853289815625,360000.0,1846112.0,432.0,214.0,214.0,21.0,0.0,0.0,1.0
moa.classifiers.trees.HoeffdingAdaptiveTree,generators.RandomRBFGenerator,1,370000.0,8.8608568,2.4439011934840425E-6,370000.0,88.74108108108109,77.4809365513597,77.53038075049759,77.35510594579316,370000.0,1882584.0,440.0,218.0,218.0,21.0,0.0,0.0,1.0
moa.classifiers.trees.HoeffdingAdaptiveTree,generators.RandomRBFGenerator,1,380000.0,9.1884589,2.607961302976434E-6,380000.0,88.82473684210527,77.6484801158108,77.70029354156055,77.53704066141583,380000.0,1935792.0,452.0,224.0,224.0,22.0,0.0,0.0,1.0
moa.classifiers.trees.HoeffdingAdaptiveTree,generators.RandomRBFGenerator,1,390000.0,9.4848608,2.7586847529400966E-6,390000.0,88.89051282051282,77.78007519623266,77.8363778665589,77.67178916339425,390000.0,1965632.0,456.0,226.0,226.0,22.0,0.0,0.0,1.0
moa.classifiers.trees.HoeffdingAdaptiveTree,generators.RandomRBFGenerator,1,400000.0,9.7968628,2.9207497778748058E-6,400000.0,88.95925,77.91767369591145,77.97839875538534,77.81812702478716,400000.0,2007864.0,466.0,231.0,231.0,22.0,0.0,0.0,1.0
moa.classifiers.trees.HoeffdingAdaptiveTree,generators.RandomRBFGenerator,1,410000.0,10.1244649,3.094366398576233E-6,410000.0,89.02292682926829,78.04499588527646,78.0964988271022,77.94364126439598,410000.0,2048552.0,480.0,238.0,238.0,22.0,0.0,0.0,1.0
moa.classifiers.trees.HoeffdingAdaptiveTree,generators.RandomRBFGenerator,1,420000.0,10.452067,3.272535159487484E-6,420000.0,89.075,78.14917783234372,78.19734291253279,78.05217541040065,420000.0,2102264.0,488.0,242.0,242.0,22.0,0.0,0.0,1.0
moa.classifiers.trees.HoeffdingAdaptiveTree,generators.RandomRBFGenerator,1,430000.0,10.764069,3.44564653569522E-6,430000.0,89.14418604651163,78.28750334139059,78.33170867567192,78.18854665071771,430000.0,2144720.0,498.0,247.0,247.0,22.0,0.0,0.0,1.0
moa.classifiers.trees.HoeffdingAdaptiveTree,generators.RandomRBFGenerator,1,440000.0,11.076071,3.6233063715023715E-6,440000.0,89.20363636363636,78.40639233224222,78.45037198330611,78.30837865358886,440000.0,2201072.0,514.0,255.0,255.0,22.0,0.0,0.0,1.0
moa.classifiers.trees.HoeffdingAdaptiveTree,generators.RandomRBFGenerator,1,450000.0,11.4036731,3.8121496774632897E-6,450000.0,89.26822222222222,78.53557598261301,78.58109097037732,78.4385073534008,450000.0,2228216.0,518.0,257.0,257.0,22.0,0.0,0.0,1.0
moa.classifiers.trees.HoeffdingAdaptiveTree,generators.RandomRBFGenerator,1,460000.0,11.7156751,3.9960665509646966E-6,460000.0,89.31521739130434,78.62959339738256,78.66197794564557,78.53439955278179,460000.0,2278592.0,528.0,262.0,262.0,22.0,0.0,0.0,1.0
moa.classifiers.trees.HoeffdingAdaptiveTree,generators.RandomRBFGenerator,1,470000.0,12.0432772,4.193997187165751E-6,470000.0,89.37340425531914,78.7460796156651,78.77931679129843,78.65917490973573,470000.0,2335440.0,546.0,271.0,271.0,22.0,0.0,0.0,1.0
moa.classifiers.trees.HoeffdingAdaptiveTree,generators.RandomRBFGenerator,1,480000.0,12.4020795,4.417133353736666E-6,480000.0,89.42541666666666,78.85003596904096,78.88365165804811,78.75994359195391,480000.0,2403904.0,560.0,278.0,278.0,22.0,0.0,0.0,1.0
moa.classifiers.trees.HoeffdingAdaptiveTree,generators.RandomRBFGenerator,1,490000.0,12.7452817,4.63293677579239E-6,490000.0,89.46979591836734,78.93873081906833,78.96783502969481,78.8461696143786,490000.0,2430584.0,566.0,281.0,281.0,22.0,0.0,0.0,1.0
moa.classifiers.trees.HoeffdingAdaptiveTree,generators.RandomRBFGenerator,1,500000.0,13.0884839,4.852276037580437E-6,500000.0,89.51679999999999,79.03268865665115,79.0619919389308,78.93755525194888,500000.0,2470408.0,572.0,284.0,284.0,22.0,0.0,0.0,1.0
moa.classifiers.trees.HoeffdingAdaptiveTree,generators.RandomRBFGenerator,1,510000.0,13.4628863,5.093903074266182E-6,510000.0,89.56705882352941,79.13309680863136,79.1627178382612,79.03240425121078,510000.0,2494648.0,580.0,288.0,288.0,22.0,0.0,0.0,1.0
moa.classifiers.trees.HoeffdingAdaptiveTree,generators.RandomRBFGenerator,1,520000.0,13.8216886,5.330124230557639E-6,520000.0,89.61365384615385,79.2262895217448,79.26017234228837,79.12663384168259,520000.0,2544872.0,592.0,294.0,294.0,23.0,0.0,0.0,1.0
moa.classifiers.trees.HoeffdingAdaptiveTree,generators.RandomRBFGenerator,1,530000.0,14.196091,5.582840365254838E-6,530000.0,89.65962264150943,79.31832705119712,79.35002543378738,79.22650928484516,530000.0,2609136.0,606.0,301.0,301.0,23.0,0.0,0.0,1.0
moa.classifiers.trees.HoeffdingAdaptiveTree,generators.RandomRBFGenerator,1,540000.0,14.5548933,5.828767032904758E-6,540000.0,89.705,79.40915416533694,79.44623552551798,79.32269582682437,540000.0,2649432.0,614.0,305.0,305.0,23.0,0.0,0.0,1.0
moa.classifiers.trees.HoeffdingAdaptiveTree,generators.RandomRBFGenerator,1,550000.0,14.9136956,6.078843976222807E-6,550000.0,89.74727272727273,79.49363968894947,79.52648413928817,79.40429883672091,550000.0,2694144.0,624.0,310.0,310.0,24.0,0.0,0.0,1.0
moa.classifiers.trees.HoeffdingAdaptiveTree,generators.RandomRBFGenerator,1,560000.0,15.288098,6.34385644914541E-6,560000.0,89.78571428571429,79.57047446046975,79.5948216508931,79.47937892833569,560000.0,2736088.0,634.0,315.0,315.0,24.0,0.0,0.0,1.0
moa.classifiers.trees.HoeffdingAdaptiveTree,generators.RandomRBFGenerator,1,570000.0,15.6625004,6.6122860782576936E-6,570000.0,89.8280701754386,79.65514080525236,79.68372771009193,79.56227021653842,570000.0,2771368.0,644.0,320.0,320.0,24.0,0.0,0.0,1.0
moa.classifiers.trees.HoeffdingAdaptiveTree,generators.RandomRBFGenerator,1,580000.0,16.0369028,6.8848542631997004E-6,580000.0,89.8596551724138,79.7183570834944,79.74815177006538,79.62968094096784,580000.0,2814096.0,650.0,323.0,323.0,24.0,0.0,0.0,1.0
moa.classifiers.trees.HoeffdingAdaptiveTree,generators.RandomRBFGenerator,1,590000.0,16.4113052,7.159835378838911E-6,590000.0,89.90593220338982,79.81096804855969,79.84575087310827,79.72616449874553,590000.0,2839008.0,658.0,327.0,327.0,24.0,0.0,0.0,1.0
moa.classifiers.trees.HoeffdingAdaptiveTree,generators.RandomRBFGenerator,1,600000.0,16.7857076,7.439207656411662E-6,600000.0,89.937,79.87313276638842,79.90086584265698,79.79019668224237,600000.0,2884344.0,672.0,334.0,334.0,24.0,0.0,0.0,1.0
moa.classifiers.trees.HoeffdingAdaptiveTree,generators.RandomRBFGenerator,1,610000.0,17.1757101,7.735320835280336E-6,610000.0,89.97213114754098,79.94342382174881,79.96928427112361,79.86252394967111,610000.0,2934896.0,678.0,337.0,337.0,24.0,0.0,0.0,1.0
moa.classifiers.trees.HoeffdingAdaptiveTree,generators.RandomRBFGenerator,1,620000.0,17.5813127,8.050119117178024E-6,620000.0,90.00645161290322,80.0120326323125,80.03724490782207,79.92938356386252,620000.0,3000088.0,698.0,347.0,347.0,24.0,0.0,0.0,1.0
moa.classifiers.trees.HoeffdingAdaptiveTree,generators.RandomRBFGenerator,1,630000.0,17.9869153,8.37100164179711E-6,630000.0,90.03634920634921,80.07181251584356,80.09740290623385,79.98896972092757,630000.0,3058072.0,714.0,355.0,355.0,24.0,0.0,0.0,1.0
moa.classifiers.trees.HoeffdingAdaptiveTree,generators.RandomRBFGenerator,1,640000.0,18.3769178,8.683475779652183E-6,640000.0,90.06359375000001,80.12628535174332,80.15038673550288,80.04299388043309,640000.0,3097056.0,726.0,361.0,361.0,24.0,0.0,0.0,1.0
moa.classifiers.trees.HoeffdingAdaptiveTree,generators.RandomRBFGenerator,1,650000.0,18.7825204,9.013575327599216E-6,650000.0,90.09892307692307,80.19699192379042,80.21811497757682,80.11635379462906,650000.0,3145912.0,740.0,368.0,368.0,25.0,0.0,0.0,1.0
moa.classifiers.trees.HoeffdingAdaptiveTree,generators.RandomRBFGenerator,1,660000.0,19.1725229,9.336384232048361E-6,660000.0,90.13121212121213,80.26153387773687,80.28405203988352,80.178573602269,660000.0,3199488.0,746.0,371.0,371.0,25.0,0.0,0.0,1.0
moa.classifiers.trees.HoeffdingAdaptiveTree,generators.RandomRBFGenerator,1,670000.0,19.5625254,9.662574293734507E-6,670000.0,90.15358208955224,80.30631926343185,80.3329368379944,80.22635786242886,670000.0,3233000.0,754.0,375.0,375.0,25.0,0.0,0.0,1.0
moa.classifiers.trees.HoeffdingAdaptiveTree,generators.RandomRBFGenerator,1,680000.0,19.968128,1.000703241946155E-5,680000.0,90.17867647058824,80.35647118666928,80.38233661249056,80.27433108169974,680000.0,3282752.0,766.0,381.0,381.0,25.0,0.0,0.0,1.0
moa.classifiers.trees.HoeffdingAdaptiveTree,generators.RandomRBFGenerator,1,690000.0,20.3893307,1.0373932130858096E-5,690000.0,90.20652173913042,80.41213523163616,80.43855840208424,80.32877079197256,690000.0,3367120.0,788.0,392.0,392.0,25.0,0.0,0.0,1.0
moa.classifiers.trees.HoeffdingAdaptiveTree,generators.RandomRBFGenerator,1,700000.0,20.7793332,1.071786257328238E-5,700000.0,90.23785714285715,80.47490444850624,80.50495685043863,80.39730349971315,700000.0,3408832.0,794.0,395.0,395.0,25.0,0.0,0.0,1.0
moa.classifiers.trees.HoeffdingAdaptiveTree,generators.RandomRBFGenerator,1,710000.0,21.1849358,1.107963829384144E-5,710000.0,90.2638028169014,80.52678741120712,80.55630562212394,80.44829731870121,710000.0,3447792.0,804.0,400.0,400.0,25.0,0.0,0.0,1.0
moa.classifiers.trees.HoeffdingAdaptiveTree,generators.RandomRBFGenerator,1,720000.0,21.5905384,1.1443189424631703E-5,720000.0,90.29319444444445,80.58560124463415,80.61605709039775,80.50934666752191,720000.0,3464712.0,804.0,400.0,400.0,25.0,0.0,0.0,1.0
moa.classifiers.trees.HoeffdingAdaptiveTree,generators.RandomRBFGenerator,1,730000.0,22.0117411,1.182514467290375E-5,730000.0,90.32246575342465,80.64412351694295,80.674845786659,80.56709339876436,730000.0,3505288.0,816.0,406.0,406.0,26.0,0.0,0.0,1.0
moa.classifiers.trees.HoeffdingAdaptiveTree,generators.RandomRBFGenerator,1,740000.0,22.4329438,1.2211382698818626E-5,740000.0,90.35256756756756,80.70431612285608,80.73522983015721,80.62712002387994,740000.0,3544592.0,824.0,410.0,410.0,26.0,0.0,0.0,1.0
moa.classifiers.trees.HoeffdingAdaptiveTree,generators.RandomRBFGenerator,1,750000.0,22.8385464,1.2586606207511904E-5,750000.0,90.38373333333334,80.76661360015892,80.79711591968668,80.68815937449794,750000.0,3575952.0,828.0,412.0,412.0,26.0,0.0,0.0,1.0
moa.classifiers.trees.HoeffdingAdaptiveTree,generators.RandomRBFGenerator,1,760000.0,23.2597491,1.2978939324263068E-5,760000.0,90.41065789473684,80.820438021678,80.85426660431784,80.74062916217417,760000.0,3600528.0,840.0,418.0,418.0,26.0,0.0,0.0,1.0
moa.classifiers.trees.HoeffdingAdaptiveTree,generators.RandomRBFGenerator,1,770000.0,23.6809518,1.3376808757075625E-5,770000.0,90.43844155844157,80.87608317721526,80.90441052508721,80.80133512392923,770000.0,3651336.0,846.0,421.0,421.0,26.0,0.0,0.0,1.0
moa.classifiers.trees.HoeffdingAdaptiveTree,generators.RandomRBFGenerator,1,780000.0,24.1021545,1.3778980145448403E-5,780000.0,90.46705128205129,80.93331973835922,80.96368207349606,80.85999639630363,780000.0,3690816.0,858.0,427.0,427.0,26.0,0.0,0.0,1.0
moa.classifiers.trees.HoeffdingAdaptiveTree,generators.RandomRBFGenerator,1,790000.0,24.5389573,1.4203831196869204E-5,790000.0,90.48632911392404,80.97186234191918,80.99988371093573,80.89774838544062,790000.0,3759704.0,872.0,434.0,434.0,26.0,0.0,0.0,1.0
moa.classifiers.trees.HoeffdingAdaptiveTree,generators.RandomRBFGenerator,1,800000.0,24.96016,1.4614945596810842E-5,800000.0,90.5145,81.0281619645872,81.05571144685993,80.9514724930467,800000.0,3772888.0,876.0,436.0,436.0,26.0,0.0,0.0,1.0
moa.classifiers.trees.HoeffdingAdaptiveTree,generators.RandomRBFGenerator,1,810000.0,25.3969628,1.5046713225482236E-5,810000.0,90.53395061728395,81.06703448115562,81.09376309936532,80.98828675143317,810000.0,3820912.0,884.0,440.0,440.0,26.0,0.0,0.0,1.0
moa.classifiers.trees.HoeffdingAdaptiveTree,generators.RandomRBFGenerator,1,820000.0,25.8337656,1.5483065990712905E-5,820000.0,90.55560975609757,81.11036539551026,81.13509971523852,81.03229535579754,820000.0,3861488.0,898.0,447.0,447.0,26.0,0.0,0.0,1.0
moa.classifiers.trees.HoeffdingAdaptiveTree,generators.RandomRBFGenerator,1,830000.0,26.2705684,1.5923520247380765E-5,830000.0,90.58289156626506,81.16492272760857,81.19148055548203,81.08684921164956,830000.0,3897784.0,904.0,450.0,450.0,26.0,0.0,0.0,1.0
moa.classifiers.trees.HoeffdingAdaptiveTree,generators.RandomRBFGenerator,1,840000.0,26.6917711,1.6354131615520972E-5,840000.0,90.60357142857143,81.20630214120524,81.23118481564092,81.12918843317036,840000.0,3951816.0,918.0,457.0,457.0,26.0,0.0,0.0,1.0
moa.classifiers.trees.HoeffdingAdaptiveTree,generators.RandomRBFGenerator,1,850000.0,27.1285739,1.6803643144110632E-5,850000.0,90.63058823529411,81.26036668188155,81.2819645006017,81.18529788370039,850000.0,3977936.0,926.0,461.0,461.0,26.0,0.0,0.0,1.0
moa.classifiers.trees.HoeffdingAdaptiveTree,generators.RandomRBFGenerator,1,860000.0,27.5497766,1.724243563746516E-5,860000.0,90.65546511627906,81.31013464896036,81.33337359500321,81.23644327598161,860000.0,4026896.0,934.0,465.0,465.0,26.0,0.0,0.0,1.0
moa.classifiers.trees.HoeffdingAdaptiveTree,generators.RandomRBFGenerator,1,870000.0,27.9865794,1.77009773176894E-5,870000.0,90.67505747126437,81.34936189141324,81.36857504403682,81.27832701023695,870000.0,4057848.0,942.0,469.0,469.0,26.0,0.0,0.0,1.0
moa.classifiers.trees.HoeffdingAdaptiveTree,generators.RandomRBFGenerator,1,880000.0,28.4389823,1.8179880360695222E-5,880000.0,90.70056818181818,81.40034831387965,81.42043377673644,81.32686822589848,880000.0,4091896.0,946.0,471.0,471.0,26.0,0.0,0.0,1.0
moa.classifiers.trees.HoeffdingAdaptiveTree,generators.RandomRBFGenerator,1,890000.0,28.8913852,1.8662328218956993E-5,890000.0,90.72359550561798,81.44637757470649,81.46718146718148,81.3713367690461,890000.0,4122184.0,952.0,474.0,474.0,26.0,0.0,0.0,1.0
moa.classifiers.trees.HoeffdingAdaptiveTree,generators.RandomRBFGenerator,1,900000.0,29.3437881,1.9152012706144607E-5,900000.0,90.74411111111111,81.48739951183462,81.50544271001003,81.41163817148876,900000.0,4184016.0,974.0,485.0,485.0,26.0,0.0,0.0,1.0
moa.classifiers.trees.HoeffdingAdaptiveTree,generators.RandomRBFGenerator,1,910000.0,29.7805909,1.9629167039487715E-5,910000.0,90.76417582417582,81.52755766169041,81.55036955896587,81.45355444484899,910000.0,4222560.0,984.0,490.0,490.0,26.0,0.0,0.0,1.0
moa.classifiers.trees.HoeffdingAdaptiveTree,generators.RandomRBFGenerator,1,920000.0,30.2485939,2.0145935395223603E-5,920000.0,90.78500000000001,81.56920733001928,81.59300873907617,81.49497418883081,920000.0,4268248.0,994.0,495.0,495.0,26.0,0.0,0.0,1.0
moa.classifiers.trees.HoeffdingAdaptiveTree,generators.RandomRBFGenerator,1,930000.0,30.7009968,2.0650529454026574E-5,930000.0,90.80129032258064,81.60181112828677,81.62399955320893,81.52873530954935,930000.0,4311408.0,1002.0,499.0,499.0,27.0,0.0,0.0,1.0
moa.classifiers.trees.HoeffdingAdaptiveTree,generators.RandomRBFGenerator,1,940000.0,31.1533997,2.1158188008427203E-5,940000.0,90.82170212765958,81.64267701372253,81.66474337313807,81.57255661660896,940000.0,4337592.0,1012.0,504.0,504.0,27.0,0.0,0.0,1.0
moa.classifiers.trees.HoeffdingAdaptiveTree,generators.RandomRBFGenerator,1,950000.0,31.5902025,2.1651894757070058E-5,950000.0,90.84084210526315,81.68095384751109,81.70083092006888,81.61048776209365,950000.0,4369040.0,1012.0,504.0,504.0,27.0,0.0,0.0,1.0
moa.classifiers.trees.HoeffdingAdaptiveTree,generators.RandomRBFGenerator,1,960000.0,32.0738056,2.2202978541369237E-5,960000.0,90.85885416666667,81.71702814155189,81.73665655216047,81.6501963473948,960000.0,4404848.0,1028.0,512.0,512.0,27.0,0.0,0.0,1.0
moa.classifiers.trees.HoeffdingAdaptiveTree,generators.RandomRBFGenerator,1,970000.0,32.5574087,2.2760969313960314E-5,970000.0,90.87701030927835,81.75335358135875,81.77269890442165,81.68775672795373,970000.0,4460056.0,1034.0,515.0,515.0,27.0,0.0,0.0,1.0
moa.classifiers.trees.HoeffdingAdaptiveTree,generators.RandomRBFGenerator,1,980000.0,33.0254117,2.330627886624986E-5,980000.0,90.89520408163266,81.78969265821904,81.81015713551815,81.72083542462639,980000.0,4503984.0,1044.0,520.0,520.0,27.0,0.0,0.0,1.0
moa.classifiers.trees.HoeffdingAdaptiveTree,generators.RandomRBFGenerator,1,990000.0,33.4934147,2.385692046072313E-5,990000.0,90.91353535353535,81.8263543444958,81.84577506003914,81.75712124469177,990000.0,4548024.0,1054.0,525.0,525.0,27.0,0.0,0.0,1.0
moa.classifiers.trees.HoeffdingAdaptiveTree,generators.RandomRBFGenerator,1,1000000.0,33.9458176,2.4392782112096746E-5,1000000.0,90.9255,81.85030549438947,81.86840632992327,81.78242906299312,1000000.0,4578568.0,1058.0,527.0,527.0,27.0,0.0,0.0,1.0
